,creater_link,name,num_created,num_backed,num_followed
0,https://www.kisskissbankbank.com/en/users/chiche--6,CHICHE,1,1,0
1,https://www.kisskissbankbank.com/en/users/van-quish,Van-Quish,1,1,1
2,https://www.kisskissbankbank.com/en/users/mc4--2,MC4,2,2,0
3,https://www.kisskissbankbank.com/en/users/balnoir-paris,Balnoir Paris,1,0,0
4,https://www.kisskissbankbank.com/en/users/lucien-prod,LUCIEN PROD,1,1,0
5,https://www.kisskissbankbank.com/en/users/dailyfit-spm,DAILYFIT SPM,2,3,0
6,https://www.kisskissbankbank.com/en/users/la-rabbia,La Rabbia,1,0,1
7,https://www.kisskissbankbank.com/en/users/thibaud--10,Thibaud,1,0,0
8,https://www.kisskissbankbank.com/en/users/nadege--11,Nadège,2,2,0
9,https://www.kisskissbankbank.com/en/users/les-tournaisiennes,Les Tournaisiennes ,1,0,0
10,https://www.kisskissbankbank.com/en/users/runtrotters,Runtrotters,1,1,0
11,https://www.kisskissbankbank.com/en/users/florian-mez,Florian-Mez,1,0,1
12,https://www.kisskissbankbank.com/en/users/the-peach-pack,The Peach Pack ,1,0,0
13,https://www.kisskissbankbank.com/en/users/terry-and-the-hot-stuff,Terry and The Hot Stuff,1,1,0
14,https://www.kisskissbankbank.com/en/users/camille-anthony,Camille-Anthony,1,0,0
15,https://www.kisskissbankbank.com/en/users/jj--10,Jj,4,0,0
16,https://www.kisskissbankbank.com/en/users/aurore-saiarh-lacroix,Aurore-Saïarh-Lacroix,1,1,0
17,https://www.kisskissbankbank.com/en/users/girafe-bleue,girafe bleue,1,1,0
18,https://www.kisskissbankbank.com/en/users/chante-et-tais-toi,CHANTE ET TAIS TOI !,3,2,0
19,https://www.kisskissbankbank.com/en/users/aloha-spreading-happiness,Aloha - spreading Happiness,1,0,1
20,https://www.kisskissbankbank.com/en/users/fhuseyni,fhuseyni,1,3,0
21,https://www.kisskissbankbank.com/en/users/solene-saussure,Solene-Saussure,1,1,0
22,https://www.kisskissbankbank.com/en/users/cosmethique,CosmÉthique,1,0,0
23,https://www.kisskissbankbank.com/en/users/annabelle2k,Annabelle2k,1,0,0
24,https://www.kisskissbankbank.com/en/users/cotecourprod,COTECOURPROD,1,1,0
25,https://www.kisskissbankbank.com/en/users/chemindessens,chemindessens,1,1,0
26,https://www.kisskissbankbank.com/en/users/eloi-touche-du-bois,Eloi Touche Du Bois,1,10,0
27,https://www.kisskissbankbank.com/en/users/framboise--12,Framboise,1,2,0
28,https://www.kisskissbankbank.com/en/users/julien-lacroix,Julien Lacroix,1,1,0
29,https://www.kisskissbankbank.com/en/users/clara-minard-2,Clara-Minard-2,1,0,0
30,https://www.kisskissbankbank.com/en/users/morgane-vauthier--2,morgane-vauthier,1,3,0
31,https://www.kisskissbankbank.com/en/users/elia-rose--2,ELIA ROSE,1,1,1
32,https://www.kisskissbankbank.com/en/users/michele-coelen,Michèle-Coelen,1,0,1
33,https://www.kisskissbankbank.com/en/users/roman-garcia,Roman-Garcia,1,1,0
34,https://www.kisskissbankbank.com/en/users/firouza,Firouza,1,2,0
35,https://www.kisskissbankbank.com/en/users/muziekpublique,muziekpublique,3,1,1
36,https://www.kisskissbankbank.com/en/users/l-atelier-d-images,L'atelier d'images,7,3,0
37,https://www.kisskissbankbank.com/en/users/mr-greenzzly,MR GREENZZLY,1,0,0
38,https://www.kisskissbankbank.com/en/users/jazz-people,jazz&people,28,2,0
39,https://www.kisskissbankbank.com/en/users/hablas-tortuga,¿Hablas Tortuga?,2,0,0
40,https://www.kisskissbankbank.com/en/users/matin-berthieu,Matin.Berthieu,1,1,0
41,https://www.kisskissbankbank.com/en/users/laura-de-ladoucette,Laura-de Ladoucette,1,0,0
42,https://www.kisskissbankbank.com/en/users/skull--3,Skull,1,0,0
43,https://www.kisskissbankbank.com/en/users/nina--22,Nina,1,2,1
44,https://www.kisskissbankbank.com/en/users/bon-app-ethic-by-care-eat,Bon App’Ethic by Care eat,1,0,0
45,https://www.kisskissbankbank.com/en/users/les-mains-du-coeur-pour-le-cambodge,Les Mains du Coeur pour le Cambodge,1,1,0
46,https://www.kisskissbankbank.com/en/users/collectifkoa,CollectifKoa,3,0,0
47,https://www.kisskissbankbank.com/en/users/kanyaman-et-imane,Kanyaman et Imane ,1,5,14
48,https://www.kisskissbankbank.com/en/users/reverse--2,REVERSE,1,1,1
49,https://www.kisskissbankbank.com/en/users/valery-boston--2,Valery-Boston,1,1,0
50,https://www.kisskissbankbank.com/en/users/aglae-lingerie,Aglaé-lingerie,2,0,1
51,https://www.kisskissbankbank.com/en/users/allan-vede,Allan-Védé,1,1,0
52,https://www.kisskissbankbank.com/en/users/minuit-10,Minuit-10,1,0,0
53,https://www.kisskissbankbank.com/en/users/aves,Pierre-Lou Chapot - AVES Photographie,1,3,0
54,https://www.kisskissbankbank.com/en/users/tristan-pierrevelcin--2,Tristan-Pierrevelcin,1,1,0
55,https://www.kisskissbankbank.com/en/users/petit-poh,Petit Poh ,2,4,0
56,https://www.kisskissbankbank.com/en/users/good-chance-theatre,GOOD CHANCE THEATRE,1,0,0
57,https://www.kisskissbankbank.com/en/users/creep-train,Creep Train,1,2,0
58,https://www.kisskissbankbank.com/en/users/au-fur-et-a-mesure,Au fur et A mesure,1,2,0
59,https://www.kisskissbankbank.com/en/users/six-pieds-sur-terre--2,Six Pieds Sur Terre,1,1,0
60,https://www.kisskissbankbank.com/en/users/samuel-dobson,Samuel-Dobson,1,1,0
61,https://www.kisskissbankbank.com/en/users/iago21,Iago21,1,2,0
62,https://www.kisskissbankbank.com/en/users/david-andre,David-ANDRÉ ,1,1,0
63,https://www.kisskissbankbank.com/en/users/sylvain-peyronnet--2,Sylvain-Peyronnet,1,0,0
64,https://www.kisskissbankbank.com/en/users/veronique-rousti,VERONIQUE-ROUSTI,1,1,0
65,https://www.kisskissbankbank.com/en/users/gillesmercierphotographe,gillesmercierphotographe,1,2,0
66,https://www.kisskissbankbank.com/en/users/robin-ieraci--2,Robin Ieraci,1,1,0
67,https://www.kisskissbankbank.com/en/users/maison-lefrancois,Maison Lefrançois,1,1,0
68,https://www.kisskissbankbank.com/en/users/little-liamone,Little Liamone,1,0,0
69,https://www.kisskissbankbank.com/en/users/parlons-peu-mais-parlons,Parlons peu...Mais parlons !,2,1,0
70,https://www.kisskissbankbank.com/en/users/marie-segura--2,Marie-segura,1,0,0
71,https://www.kisskissbankbank.com/en/users/samuel-campet,Samuel-Campet,1,1,0
72,https://www.kisskissbankbank.com/en/users/sebastien-lebourg--2,Sébastien -Lebourg ,1,1,0
73,https://www.kisskissbankbank.com/en/users/caffeine-magic-store,CAFFEINE MAGIC STORE,1,0,0
74,https://www.kisskissbankbank.com/en/users/justine-faye,Justine-Faye,1,1,0
75,https://www.kisskissbankbank.com/en/users/laura-jaszczyszyn,Laura-JASZCZYSZYN,1,0,0
76,https://www.kisskissbankbank.com/en/users/florent-blanchard--2,Florent Blanchard,1,0,0
77,https://www.kisskissbankbank.com/en/users/elie-bursztein,Elie-Bursztein,1,1,0
78,https://www.kisskissbankbank.com/en/users/fensch-toast,FENSCH TOAST,1,0,0
79,https://www.kisskissbankbank.com/en/users/wakko-pour-le-gros-tube,Wakko pour LE GROS TUBE,1,4,0
80,https://www.kisskissbankbank.com/en/users/sarina-official,Sarina-Official,1,2,1
81,https://www.kisskissbankbank.com/en/users/alfred-massai--3,Alfred -Massaï,1,1,0
82,https://www.kisskissbankbank.com/en/users/ralph-lavital--2,Ralph-Lavital,1,1,0
83,https://www.kisskissbankbank.com/en/users/sidonis-calysta,Sidonis Calysta,3,0,0
84,https://www.kisskissbankbank.com/en/users/vendanges-solidaires,Vendanges Solidaires,1,0,0
85,https://www.kisskissbankbank.com/en/users/vitrail-and-co,Vitrail and Co,1,0,0
86,https://www.kisskissbankbank.com/en/users/renaud-louis-servais,Renaud Louis-Servais,1,0,0
87,https://www.kisskissbankbank.com/en/users/les-productions-is,Les productions IS,1,5,1
88,https://www.kisskissbankbank.com/en/users/marlene-nico,Marlene-Nico,1,1,0
89,https://www.kisskissbankbank.com/en/users/laurence-arbitre,laurence-arbitre,1,0,0
