,creater_link,name,num_created,num_backed,num_followed
0,https://www.kisskissbankbank.com/en/users/kisskissbankbank-noel,kisskissbankbank-noël,3,0,0
1,https://www.kisskissbankbank.com/en/users/kamilla-sani-gabdullina,Kamilla-Sani Gabdullina,1,0,0
2,https://www.kisskissbankbank.com/en/users/frederic-claquin,Frederic Claquin,8,2,6
3,https://www.kisskissbankbank.com/en/users/paxproject,paxproject,1,0,0
4,https://www.kisskissbankbank.com/en/users/pika-pika-films,PIKA PIKA FILMS,1,2,0
5,https://www.kisskissbankbank.com/en/users/pika-pika-films,PIKA PIKA FILMS,1,2,0
6,https://www.kisskissbankbank.com/en/users/lucas-beccaro,Lucas-Beccaro,1,0,0
7,https://www.kisskissbankbank.com/en/users/borderline-editions,Borderline Editions,2,1,1
8,https://www.kisskissbankbank.com/en/users/leo-pacquelet,Léo Pacquelet,1,1,0
9,https://www.kisskissbankbank.com/en/users/nathalie-nana,nathalie-nana,1,0,0
10,https://www.kisskissbankbank.com/en/users/dacp,DACP,1,0,0
11,https://www.kisskissbankbank.com/en/users/mvpaed,mvpaed,1,1,0
12,https://www.kisskissbankbank.com/en/users/moorachocolat,MOORACHOCOLAT,1,1,0
13,https://www.kisskissbankbank.com/en/users/b-side-company,B-side Company,1,0,0
14,https://www.kisskissbankbank.com/en/users/valorange,Valorange,1,2,0
15,https://www.kisskissbankbank.com/en/users/thony-chanteur,Thony Chanteur,1,1,0
16,https://www.kisskissbankbank.com/en/users/visiterlafrique,Visiterlafrique,1,3,0
17,https://www.kisskissbankbank.com/en/users/gd93110,gd93110,1,2,0
18,https://www.kisskissbankbank.com/en/users/gd6d,GD6D,1,0,0
19,https://www.kisskissbankbank.com/en/users/idjy,idjy,2,109,22
20,https://www.kisskissbankbank.com/en/users/autour-de-minuit,Autour de Minuit,2,3,0
21,https://www.kisskissbankbank.com/en/users/patisserie-du-coin,Pâtisserie du Coin,1,0,0
22,https://www.kisskissbankbank.com/en/users/martpasquier,martpasquier,1,3,0
23,https://www.kisskissbankbank.com/en/users/naga-mola,Naga Mola,1,0,0
24,https://www.kisskissbankbank.com/en/users/frederique-debaize,FREDERIQUE-DEBAIZE,1,1,0
25,https://www.kisskissbankbank.com/en/users/chienville,chienville,1,0,0
26,https://www.kisskissbankbank.com/en/users/hazanimalay,Hazanimalay,1,0,0
27,https://www.kisskissbankbank.com/en/users/la-vingt-cinquieme-heure,La Vingt-Cinquième Heure,3,3,1
28,https://www.kisskissbankbank.com/en/users/novaliis,Novaliis,1,2,0
29,https://www.kisskissbankbank.com/en/users/coluproges,coluproges,9,5,1
30,https://www.kisskissbankbank.com/en/users/aurelien-paulus,Aurélien-Paulus,1,0,0
31,https://www.kisskissbankbank.com/en/users/peter11,peter11,1,2,0
32,https://www.kisskissbankbank.com/en/users/gauthier-bribosia,Gauthier.Bribosia,1,0,1
33,https://www.kisskissbankbank.com/en/users/triyang-association,TriYang Association,1,1,0
34,https://www.kisskissbankbank.com/en/users/bilar--2,Bilar,1,0,0
35,https://www.kisskissbankbank.com/en/users/peppone,Peppone,1,0,0
36,https://www.kisskissbankbank.com/en/users/gelastophile,Gélastophile,1,0,0
37,https://www.kisskissbankbank.com/en/users/green-triskel,green triskel,1,0,0
38,https://www.kisskissbankbank.com/en/users/le-moog-analogic-bar,Le Moog Analogic Bar,1,3,0
39,https://www.kisskissbankbank.com/en/users/kejo-tattoo,KEJO TATTOO,1,0,0
40,https://www.kisskissbankbank.com/en/users/vosf,VOSF,1,0,0
41,https://www.kisskissbankbank.com/en/users/b-de-saint-laurent,B. de Saint-Laurent,1,1,0
42,https://www.kisskissbankbank.com/en/users/alf-melmac,ALF MelmaC,1,0,0
43,https://www.kisskissbankbank.com/en/users/sergio_dl,sergio_dl,1,0,0
44,https://www.kisskissbankbank.com/en/users/elyzabel-danse,Elyzabel-Danse,1,0,0
45,https://www.kisskissbankbank.com/en/users/boitamomes,boitamomes,1,1,0
46,https://www.kisskissbankbank.com/en/users/fort--2,FORT !,1,0,0
47,https://www.kisskissbankbank.com/en/users/kaaos-kaamos,Kaaos Kaamos,1,0,0
48,https://www.kisskissbankbank.com/en/users/party-on-the-beach-1,Party on the beach #1,2,0,0
49,https://www.kisskissbankbank.com/en/users/stywell-bouvot,stywell.bouvot,1,1,0
50,https://www.kisskissbankbank.com/en/users/essivi--2,Essivi,1,0,0
51,https://www.kisskissbankbank.com/en/users/charles--22,Charles,1,0,0
52,https://www.kisskissbankbank.com/en/users/badbeat,badbeat,1,0,0
53,https://www.kisskissbankbank.com/en/users/bato-rado,BATO/RADO,1,0,0
54,https://www.kisskissbankbank.com/en/users/fafapiti-charter,FAFAPITI Charter,1,0,0
55,https://www.kisskissbankbank.com/en/users/comunikprod-com,comunikprod.com,1,0,0
56,https://www.kisskissbankbank.com/en/users/rivolet-sou-des-ecoles,rivolet-sou des ecoles,1,0,1
57,https://www.kisskissbankbank.com/en/users/goodies-collections,Goodies Collections,2,0,0
58,https://www.kisskissbankbank.com/en/users/attractions-giratoires,Attractions Giratoires,1,0,0
59,https://www.kisskissbankbank.com/en/users/seydina-diawo,Seydina-Diawo,1,0,0
60,https://www.kisskissbankbank.com/en/users/compagnie-bastions-pirates,Compagnie Bastions Pirates,1,0,0
61,https://www.kisskissbankbank.com/en/users/les-tontons-foodtruck,Les Tontons Foodtruck,2,0,0
62,https://www.kisskissbankbank.com/en/users/thea-lepicard,Théa-Lepicard,1,0,0
63,https://www.kisskissbankbank.com/en/users/fete,fete,2,2,0
64,https://www.kisskissbankbank.com/en/users/laura--18,Laura,1,0,0
65,https://www.kisskissbankbank.com/en/users/edition13,Edition13,1,4,1
66,https://www.kisskissbankbank.com/en/users/idact,IDACT,1,0,0
67,https://www.kisskissbankbank.com/en/users/we-are-potterhead,We are Potterhead,1,0,0
68,https://www.kisskissbankbank.com/en/users/3d-tahitia--4,3D Tahitia,1,0,0
69,https://www.kisskissbankbank.com/en/users/parchemin,Parchemin,1,0,0
70,https://www.kisskissbankbank.com/en/users/la-petite-fourmi,La petite fourmi,1,1,0
71,https://www.kisskissbankbank.com/en/users/florencem--4,FlorenceM,1,0,0
72,https://www.kisskissbankbank.com/en/users/amy-lynssia,Amy-LYNSSIA,1,2,0
73,https://www.kisskissbankbank.com/en/users/malou-marielou,Malou-Marielou,1,0,0
74,https://www.kisskissbankbank.com/en/users/le_chateau_coquelle,Le_Château_Coquelle,1,0,0
75,https://www.kisskissbankbank.com/en/users/safiatou-bah,Safiatou-BAH,1,0,0
76,https://www.kisskissbankbank.com/en/users/bg-bois,BG-Bois,1,1,0
77,https://www.kisskissbankbank.com/en/users/aymeric-dein,Aymeric.Dein,1,0,0
78,https://www.kisskissbankbank.com/en/users/zit-zitoun,Zit'Zitoun,1,0,0
79,https://www.kisskissbankbank.com/en/users/les-soufleurs-de-reves,Les SouFleurs De Rêves,1,0,0
80,https://www.kisskissbankbank.com/en/users/collectif-ms-20,Collectif MS 20,1,1,0
81,https://www.kisskissbankbank.com/en/users/nacho--3,Nacho,1,0,0
82,https://www.kisskissbankbank.com/en/users/k-rine-burckel-photographie,K.rine Burckel Photographie,1,1,0
83,https://www.kisskissbankbank.com/en/users/youtalk,YouTalk,1,0,0
84,https://www.kisskissbankbank.com/en/users/gouloum,gouloum,1,0,0
85,https://www.kisskissbankbank.com/en/users/musiq-de-chambre--2,Musiq de Chambre,1,0,0
86,https://www.kisskissbankbank.com/en/users/pistache,Pistache,1,0,0
87,https://www.kisskissbankbank.com/en/users/mademoisellevrac,mademoisellevrac,2,2,0
88,https://www.kisskissbankbank.com/en/users/vincent123,vincent123,1,1,2
89,https://www.kisskissbankbank.com/en/users/bruno-joyeux,Bruno-Joyeux,1,0,0
90,https://www.kisskissbankbank.com/en/users/j-r-r-r-et-d-p,"J R , R R et D P",1,0,0
91,https://www.kisskissbankbank.com/en/users/irwin-piel,irwin.piel,1,1,1
92,https://www.kisskissbankbank.com/en/users/astrid-beteille,Astrid-Beteille,1,0,0
93,https://www.kisskissbankbank.com/en/users/alban-bigot-capuano,Alban-Bigot Capuano ,1,0,0
94,https://www.kisskissbankbank.com/en/users/les-as-de-l-avenir,Les AS de l'avenir,1,0,0
95,https://www.kisskissbankbank.com/en/users/sirjoris,sirjoris,1,0,0
96,https://www.kisskissbankbank.com/en/users/chj,chj,1,0,0
97,https://www.kisskissbankbank.com/en/users/2smbq,2smbq,1,0,0
98,https://www.kisskissbankbank.com/en/users/barbara-neumager,Barbara-Neumager,1,0,0
99,https://www.kisskissbankbank.com/en/users/natachalucke,NatachaLucke,1,0,0
100,https://www.kisskissbankbank.com/en/users/la-compagnie-clandestine,La Compagnie Clandestine,1,1,0
101,https://www.kisskissbankbank.com/en/users/mongongo-fils,Mongongo & Fils,1,0,0
102,https://www.kisskissbankbank.com/en/users/becket,BECKET,2,0,0
103,https://www.kisskissbankbank.com/en/users/jet-zik,jet'zik,1,0,0
104,https://www.kisskissbankbank.com/en/users/artlive75,artlive75,1,0,0
105,https://www.kisskissbankbank.com/en/users/iza5790,IZA5790,1,0,0
106,https://www.kisskissbankbank.com/en/users/la-bellevilloise,La Bellevilloise,1,0,0
107,https://www.kisskissbankbank.com/en/users/golf--2,GOLF,1,0,0
108,https://www.kisskissbankbank.com/en/users/detine--2,Detine,1,0,0
109,https://www.kisskissbankbank.com/en/users/camille-c--5,Camille.C,2,0,0
110,https://www.kisskissbankbank.com/en/users/deborah-long,déborah-long,1,0,4
111,https://www.kisskissbankbank.com/en/users/stephanie-diaz,Stéphanie Diaz,1,1,0
112,https://www.kisskissbankbank.com/en/users/jmlaper,jmlaper,1,0,0
113,https://www.kisskissbankbank.com/en/users/audrey558,Audrey558,1,0,0
114,https://www.kisskissbankbank.com/en/users/jessica-ribeiro,Jessica-Ribeiro,1,1,0
115,https://www.kisskissbankbank.com/en/users/jeremy-bridgwater,Jérémy-Bridgwater,1,0,0
116,https://www.kisskissbankbank.com/en/users/fabmovie,Fabmovie,1,23,0
117,https://www.kisskissbankbank.com/en/users/useh,Bien être chez soi,3,2,4
118,https://www.kisskissbankbank.com/en/users/madust,Madust,1,0,0
119,https://www.kisskissbankbank.com/en/users/tristam,Tristam,1,0,0
120,https://www.kisskissbankbank.com/en/users/latiatia77,Latiatia77,1,1,0
121,https://www.kisskissbankbank.com/en/users/apo33,Apo33,1,0,0
122,https://www.kisskissbankbank.com/en/users/art-hic-copyright-sdmt,Art'Hic Copyright SDMT,1,0,0
123,https://www.kisskissbankbank.com/en/users/david-k--3,David-K,1,0,1
124,https://www.kisskissbankbank.com/en/users/giorgio-salamone,Giorgio Salamone ,1,0,2
125,https://www.kisskissbankbank.com/en/users/mayodon,mayodon,1,0,0
126,https://www.kisskissbankbank.com/en/users/ocram,ocram,1,0,0
127,https://www.kisskissbankbank.com/en/users/pierre--13,Pierre,1,0,0
128,https://www.kisskissbankbank.com/en/users/les-crayons-de-la-liberte,Les crayons de la liberté,1,2,1
129,https://www.kisskissbankbank.com/en/users/natacha--19,natacha,1,0,0
130,https://www.kisskissbankbank.com/en/users/sebastien-meziani,Sebastien.Meziani,1,0,0
131,https://www.kisskissbankbank.com/en/users/paradis-roumal,Paradis-ROUMAL,1,0,0
132,https://www.kisskissbankbank.com/en/users/fabros,fabros,2,3,0
133,https://www.kisskissbankbank.com/en/users/amis-chateau-trazegnies,Amis Château Trazegnies,1,0,0
134,https://www.kisskissbankbank.com/en/users/vikbaj3416,vikbaj3416,1,1,0
135,https://www.kisskissbankbank.com/en/users/laetitia-duchemin,laetitia-duchemin,1,0,1
136,https://www.kisskissbankbank.com/en/users/l-art-est-dans-les-bois,L'Art est dans les Bois,1,0,1
137,https://www.kisskissbankbank.com/en/users/association-sainte-celine-partage-solidarite--2,Association Sainte Céline Partage Solidarité,1,0,1
138,https://www.kisskissbankbank.com/en/users/julienpelletier8,julienpelletier8,1,2,1
139,https://www.kisskissbankbank.com/en/users/alexandra-favre,alexandra-favre,1,0,0
140,https://www.kisskissbankbank.com/en/users/joan-nerestan-2,Joan-N,1,0,0
141,https://www.kisskissbankbank.com/en/users/marionbigoin,marionbigoin,1,0,0
142,https://www.kisskissbankbank.com/en/users/anne-donnay,Le Parapluitier,1,1,0
143,https://www.kisskissbankbank.com/en/users/fab--17,fab.,2,3,0
144,https://www.kisskissbankbank.com/en/users/svdb79,SVDB79,1,1,0
145,https://www.kisskissbankbank.com/en/users/gregory-celerse,Grégory Célerse,1,0,0
146,https://www.kisskissbankbank.com/en/users/lily-bloom,Lily-BLOOM,1,0,0
147,https://www.kisskissbankbank.com/en/users/derniere-sequence,Dernière Séquence,1,0,1
148,https://www.kisskissbankbank.com/en/users/nico-brute,Nico & Brute,1,1,0
149,https://www.kisskissbankbank.com/en/users/franck-beaucourt,Franck-Beaucourt,1,0,0
150,https://www.kisskissbankbank.com/en/users/christophe-dargeault,Christophe-Drugeault,1,0,0
151,https://www.kisskissbankbank.com/en/users/voix-d-amazonie,Voix d'Amazonie,1,1,1
152,https://www.kisskissbankbank.com/en/users/zoukzouk,Zoukzouk,1,2,0
153,https://www.kisskissbankbank.com/en/users/flore-line,Flore & Line,1,0,0
154,https://www.kisskissbankbank.com/en/users/maude-ferey-lehodey,maude-ferey lehodey,1,0,0
155,https://www.kisskissbankbank.com/en/users/anunusualspy,AnUnusualSpy,1,0,0
156,https://www.kisskissbankbank.com/en/users/celine-zaluzec,Céline-Zaluzec,1,1,0
157,https://www.kisskissbankbank.com/en/users/bioandbeautiful,BioAndBeautiful,1,0,0
158,https://www.kisskissbankbank.com/en/users/jacuse,Jacuse,1,0,0
159,https://www.kisskissbankbank.com/en/users/lyribox,lyribox,1,0,0
160,https://www.kisskissbankbank.com/en/users/marie-spinali,Marie-SPINALI,1,0,0
161,https://www.kisskissbankbank.com/en/users/claire-labadie--2,Claire-LABADIE ,1,0,0
162,https://www.kisskissbankbank.com/en/users/battlemax,BattleMax,1,0,0
163,https://www.kisskissbankbank.com/en/users/kaiz,kaiz,1,0,0
164,https://www.kisskissbankbank.com/en/users/solweig-bijoux,Solweig bijoux,1,0,0
165,https://www.kisskissbankbank.com/en/users/le-chien-vert,le chien vert,1,0,0
166,https://www.kisskissbankbank.com/en/users/alain-boutchang,Alain-Boutchang,1,0,0
167,https://www.kisskissbankbank.com/en/users/roule-ma-poule--2,Roule ma poule !,1,0,0
168,https://www.kisskissbankbank.com/en/users/l-essentiel--3,L’ESSENTIEL,1,0,0
169,https://www.kisskissbankbank.com/en/users/mikhaelle,Mikhaelle,1,0,0
170,https://www.kisskissbankbank.com/en/users/claire-lopez-mma,Claire-Lopez-mma,1,0,0
171,https://www.kisskissbankbank.com/en/users/team-bioletto-sport-auto,Team Bioletto Sport Auto ,1,0,0
172,https://www.kisskissbankbank.com/en/users/jacques-candelon,Jacques-Candelon,1,0,0
173,https://www.kisskissbankbank.com/en/users/ah-lln,AH LLN,1,0,0
174,https://www.kisskissbankbank.com/en/users/coluproges,coluproges,9,5,1
175,https://www.kisskissbankbank.com/en/users/dans-ma-tete-c-est,Dans ma tête c'est,1,0,0
176,https://www.kisskissbankbank.com/en/users/studios-vendeens,Studios Vendéens,1,0,0
177,https://www.kisskissbankbank.com/en/users/superprojets,Superprojets,2,1,0
178,https://www.kisskissbankbank.com/en/users/le-souffle-de-l-espoir,Le souffle de l'espoir ,1,1,0
179,https://www.kisskissbankbank.com/en/users/mehdi-michel,mehdi-michel,1,0,0
180,https://www.kisskissbankbank.com/en/users/poopy-cat,Poopy Cat,2,1,0
181,https://www.kisskissbankbank.com/en/users/paul-antoine-morelli,Paul Antoine-Morelli,1,1,0
182,https://www.kisskissbankbank.com/en/users/nocea-mariage-creation,Nocéa Mariage Création,1,0,0
183,https://www.kisskissbankbank.com/en/users/sportaloosa-france,Sportaloosa-France,1,0,0
184,https://www.kisskissbankbank.com/en/users/team-france,Team France,1,0,0
185,https://www.kisskissbankbank.com/en/users/cecile-alzina,Cécile-Alzina,1,0,0
186,https://www.kisskissbankbank.com/en/users/mfr-aire-sur-l-adour,MFR Aire sur l'Adour,1,1,0
187,https://www.kisskissbankbank.com/en/users/aurelie-clement,Aurélie & Clément,1,0,0
188,https://www.kisskissbankbank.com/en/users/louise-catherine,Louise Catherine,1,0,0
189,https://www.kisskissbankbank.com/en/users/lamia-joua,Lamia-JOUA,1,0,0
190,https://www.kisskissbankbank.com/en/users/laura-stephen,Laura-Stephen,1,0,0
191,https://www.kisskissbankbank.com/en/users/maysgold,Maysgold,1,0,0
192,https://www.kisskissbankbank.com/en/users/kimberley-levet,Kimberley-Levet,1,0,0
193,https://www.kisskissbankbank.com/en/users/virginie--19,Virginie,1,0,0
194,https://www.kisskissbankbank.com/en/users/mathieu-lolieux,Mathieu LOLIEUX,1,0,0
195,https://www.kisskissbankbank.com/en/users/eric-auvret,Eric-AUVRET,1,0,0
196,https://www.kisskissbankbank.com/en/users/ophelie-galant,Ophélie Galant,2,0,0
197,https://www.kisskissbankbank.com/en/users/betisedemathis,betisedemathis,1,0,0
198,https://www.kisskissbankbank.com/en/users/severine-bourgeois-2,Séverine-Bourgeois-2,1,0,0
199,https://www.kisskissbankbank.com/en/users/sebastien-renaud--2,Sébastien-Renaud,1,0,2
200,https://www.kisskissbankbank.com/en/users/gil-fourny,Gil-Fourny,1,0,0
201,https://www.kisskissbankbank.com/en/users/johanna-keromnes-2,Johanna-Keromnes-2,1,0,0
202,https://www.kisskissbankbank.com/en/users/guylaine-serenity,GUYLAINE-SERENITY ,1,0,1
203,https://www.kisskissbankbank.com/en/users/high-pressure-aviation-films,High Pressure Aviation Films,1,2,0
204,https://www.kisskissbankbank.com/en/users/code-play,Code&Play,1,1,0
205,https://www.kisskissbankbank.com/en/users/clarenciere,Clarencière,1,0,0
206,https://www.kisskissbankbank.com/en/users/loupbarrow,loupbarrow,1,0,0
207,https://www.kisskissbankbank.com/en/users/elsa--26,ELSA,3,1,0
208,https://www.kisskissbankbank.com/en/users/nathmutel,Nathmutel,1,3,0
209,https://www.kisskissbankbank.com/en/users/david-bouillon,David-Bouillon,1,1,0
210,https://www.kisskissbankbank.com/en/users/jo--40,Jo,1,1,1
211,https://www.kisskissbankbank.com/en/users/la-manufacture-de-livres,La Manufacture de livres,2,3,0
212,https://www.kisskissbankbank.com/en/users/amipe,AMIPE,1,1,0
213,https://www.kisskissbankbank.com/en/users/flywalker,flywalker,1,4,0
214,https://www.kisskissbankbank.com/en/users/olivia-moelo,Olivia Moélo,1,0,0
215,https://www.kisskissbankbank.com/en/users/et-tout-s-envole,Et tout s'envole,2,0,0
216,https://www.kisskissbankbank.com/en/users/addict-ink,Addict'Ink,1,0,0
217,https://www.kisskissbankbank.com/en/users/your-glory-hole,your glory hole,1,1,0
218,https://www.kisskissbankbank.com/en/users/yachting-club-escp-europe,Yachting Club ESCP Europe,1,0,0
219,https://www.kisskissbankbank.com/en/users/arreter-de-fumer-tue,arrêter de fumer tue,1,0,0
220,https://www.kisskissbankbank.com/en/users/toshiro-muto,Toshiro Muto,2,0,0
221,https://www.kisskissbankbank.com/en/users/valentina-canavesio,Valentina Canavesio,2,4,0
222,https://www.kisskissbankbank.com/en/users/baze,Baze,1,0,0
223,https://www.kisskissbankbank.com/en/users/genereux2014,Généreux2014,1,0,0
224,https://www.kisskissbankbank.com/en/users/watelss-production,Watelss Production,2,0,0
225,https://www.kisskissbankbank.com/en/users/orties,Orties,1,0,0
226,https://www.kisskissbankbank.com/en/users/hadrien-courtier,Hadrien Courtier,1,0,0
227,https://www.kisskissbankbank.com/en/users/indice51-coin-ring,Indice51 Coin Ring,1,1,0
228,https://www.kisskissbankbank.com/en/users/leopardman,leopardman,1,0,0
229,https://www.kisskissbankbank.com/en/users/1001ventres,1001Ventres,1,4,0
230,https://www.kisskissbankbank.com/en/users/esperanto-lausanne,Esperanto Lausanne,1,2,0
231,https://www.kisskissbankbank.com/en/users/cristian-todie,Cristian-Todié,1,0,0
232,https://www.kisskissbankbank.com/en/users/osp--3,osp,1,0,0
233,https://www.kisskissbankbank.com/en/users/sexypause,SexyPause,1,0,0
234,https://www.kisskissbankbank.com/en/users/trytrike,Trytrike,1,0,0
235,https://www.kisskissbankbank.com/en/users/made-in-love-team,MADE IN LOVE team,1,1,0
236,https://www.kisskissbankbank.com/en/users/pidan-studio,pidan studio,1,0,0
237,https://www.kisskissbankbank.com/en/users/cust,Cust,1,0,0
